Name,Fellowship Track
Anand Kumar Yadav,NASP Fellow
Bilquees Daud,NASP Fellow
Capt (Dr.) Nitin Agarwala,NASP Fellow
Dr Tejinder Hundal,NASP Fellow
Femy Francis,NASP Fellow
Grp Captain Kamran Nazeer,NASP Fellow
Harisundar Kumar,NASP Fellow
Harsh Behere,NASP Fellow
Kaushal Balaji,NASP Fellow
Khushi Sehra,NASP Fellow
Mohammad Taha Ali,NASP Fellow
Rasik Bin Altaf,NASP Fellow
Shreya Iyer,NASP Fellow
Somya Maan,NASP Fellow
Wg Cdr Amardeep Singh,NASP Fellow
Aditi Choudhary,NASC Fellow
Anamitra Banerjee,NASC Fellow
Jayshree Borah,NASC Fellow
Mallika Devi,NASC Fellow
Nisarg Jani,NASC Fellow
Noel Therattil,NASC Fellow
Rinzin Namgyal,NASC Fellow
Tabshir Shams,NASC Fellow
Tanushree Baruah,NASC Fellow
Ujjawal Upadhyay,NASC Fellow
Violina Sarmah,NASC Fellow
Aaratrica Kashyap,NAST Fellow
Anandana Kapur,NAST Fellow
Arpit Tripathi,NAST Fellow
Bhargavi PBA,NAST Fellow
Chetna Anjali,NAST Fellow
Debasri Mukherjee,NAST Fellow
Jason Joseph,NAST Fellow
Kashish Parpiani,NAST Fellow
Manav Gudwani,NAST Fellow
Neeraj Gudipati,NAST Fellow
Nistha Kumari Singh,NAST Fellow
Nrusingha Narayan Dey,NAST Fellow
Pranav Satyanath,NAST Fellow
Rajesh Gopal,NAST Fellow
Shubham Shukla,NAST Fellow
Siddhant Chandra,NAST Fellow
Soumya Kanti Ghosh,NAST Fellow
Yash Khandelwal,NAST Fellow
Amit Kumar ,LEPF Fellow
Avinash Pandey,LEPF Fellow
Bhawni Mishra,LEPF Fellow
Chandan Pal Singh,LEPF Fellow
Deepti George,LEPF Fellow
Dr. Vishali  Sharma,LEPF Fellow
Het Kumar Kaachia Patel,LEPF Fellow
Lalit Maheshwari,LEPF Fellow
Hriday  Chandra Sarma,LEPF Fellow
Moulina Bhattacharya,LEPF Fellow
Neharika Gupta,LEPF Fellow
Olivia Ruhil,LEPF Fellow
Rajesh TV,LEPF Fellow
Ravichandran Swaminathan,LEPF Fellow
Shashvat Kumar,LEPF Fellow