Prof Douglas Fuller,NAST Mentor
Anirudh Suri,NAST Mentor
Manpreet Sethi,NAST Mentor
Karthik Nachiappan,NAST Mentor
Y. Nithiyanandam,NAST Mentor
Kailash Nadh,NAST Mentor
Anton Harder,NASC Mentor
Katja Drinhausen,NASC Mentor
Dr Devendra Kumar,NASC Mentor
Prof. Pradeep Taneja,NASC Mentor
Atul Mishra,NASP Mentor
Dr Aparna Pande,NASP Mentor
Dr. Shanthie Mariet D'Souza,NASP Mentor
Suba Chandran,NASP Mentor
Sumit Ganguly ,NASP Mentor
Prabodh Kumar,NAS-LEP Mentor
Shiv Murari Sahai,NAS-LEP Mentor
M N Reddi,NAS-LEP Mentor
Ramphal Pawar,NAS-LEP Mentor
Prateek Waghre,NAST Mentor